0,0,3,1,1,ACTIVE
0,1,2,5,1,INACTIVE
0,2,2,8,1,INACTIVE
0,3,2,11,1,INACTIVE
0,4,2,14,1,INACTIVE
1,0,3,1,1,ACTIVE
1,1,2,5,1,INACTIVE
1,2,2,8,1,INACTIVE
1,3,2,11,1,INACTIVE
1,4,2,14,1,INACTIVE
2,0,4,1,1,ACTIVE
2,1,2,5,1,INACTIVE
2,2,2,8,1,INACTIVE
2,3,2,11,1,INACTIVE
2,4,2,14,1,INACTIVE
3,0,4,1,1,ACTIVE
3,1,3,6,1,ACTIVE
3,2,2,8,1,INACTIVE
3,3,2,11,1,INACTIVE
3,4,2,14,1,INACTIVE
4,0,5,1,1,ACTIVE
4,1,3,6,1,ACTIVE
4,2,2,8,1,INACTIVE
4,3,2,11,1,INACTIVE
4,4,2,14,1,INACTIVE
5,0,5,1,1,ACTIVE
5,1,4,6,1,ACTIVE
5,2,2,8,1,INACTIVE
5,3,2,11,1,INACTIVE
5,4,2,14,1,INACTIVE
6,0,6,1,1,ACTIVE
6,1,4,6,1,ACTIVE
6,2,3,1,1,ACTIVE
6,3,2,11,1,INACTIVE
6,4,2,14,1,INACTIVE
7,0,7,1,1,ACTIVE
7,1,5,6,1,ACTIVE
7,2,3,1,1,ACTIVE
7,3,2,11,1,INACTIVE
7,4,2,14,1,INACTIVE
8,0,7,1,1,ACTIVE
8,1,5,6,1,ACTIVE
8,2,4,1,1,ACTIVE
8,3,2,11,1,INACTIVE
8,4,2,14,1,INACTIVE
9,0,8,1,1,ACTIVE
9,1,6,6,1,ACTIVE
9,2,4,1,1,ACTIVE
9,3,2,11,1,INACTIVE
9,4,2,14,1,INACTIVE
10,0,8,1,1,ACTIVE
10,1,7,6,1,ACTIVE
10,2,5,1,1,ACTIVE
10,3,3,6,1,ACTIVE
10,4,2,14,1,INACTIVE
11,0,9,1,1,ACTIVE
11,1,7,6,1,ACTIVE
11,2,5,1,1,ACTIVE
11,3,3,6,1,ACTIVE
11,4,2,14,1,INACTIVE
12,0,9,1,1,ACTIVE
12,1,8,6,1,ACTIVE
12,2,6,1,1,ACTIVE
12,3,4,6,1,ACTIVE
12,4,2,14,1,INACTIVE
13,0,10,1,1,ACTIVE
13,1,8,6,1,ACTIVE
13,2,7,1,1,ACTIVE
13,3,4,6,1,ACTIVE
13,4,2,14,1,INACTIVE
14,0,11,1,1,ACTIVE
14,1,9,6,1,ACTIVE
14,2,7,1,1,ACTIVE
14,3,5,6,1,ACTIVE
14,4,2,14,1,INACTIVE
15,0,11,1,1,ACTIVE
15,1,9,6,1,ACTIVE
15,2,8,1,1,ACTIVE
15,3,5,6,1,ACTIVE
15,4,3,1,1,ACTIVE
16,0,12,1,1,ACTIVE
16,1,10,6,1,ACTIVE
16,2,8,1,1,ACTIVE
16,3,6,6,1,ACTIVE
16,4,3,1,1,ACTIVE
17,0,12,1,1,ACTIVE
17,1,11,6,1,ACTIVE
17,2,9,1,1,ACTIVE
17,3,7,6,1,ACTIVE
17,4,4,1,1,ACTIVE
18,0,13,1,1,ACTIVE
18,1,11,6,1,ACTIVE
18,2,9,1,1,ACTIVE
18,3,7,6,1,ACTIVE
18,4,4,1,1,ACTIVE
19,0,13,1,1,ACTIVE
19,1,12,6,1,ACTIVE
19,2,10,1,1,ACTIVE
19,3,8,6,1,ACTIVE
19,4,5,1,1,ACTIVE
20,0,14,1,1,ACTIVE
20,1,12,6,1,ACTIVE
20,2,11,1,1,ACTIVE
20,3,8,6,1,ACTIVE
20,4,5,1,1,ACTIVE
21,0,15,1,1,ACTIVE
21,1,13,6,1,ACTIVE
21,2,11,1,1,ACTIVE
21,3,9,6,1,ACTIVE
21,4,6,1,1,ACTIVE
22,0,15,1,1,ACTIVE
22,1,13,6,1,ACTIVE
22,2,12,1,1,ACTIVE
22,3,9,6,1,ACTIVE
22,4,6,1,2,INACTIVE
23,0,16,1,1,ACTIVE
23,1,14,6,1,INACTIVE
23,2,12,1,1,ACTIVE
23,3,10,6,1,ACTIVE
23,4,6,1,2,INACTIVE
24,0,16,1,1,ACTIVE
24,1,14,6,1,INACTIVE
24,2,13,1,1,ACTIVE
24,3,11,6,1,ACTIVE
24,4,6,1,2,INACTIVE
25,0,17,1,1,ACTIVE
25,1,14,6,1,INACTIVE
25,2,13,1,1,ACTIVE
25,3,11,6,1,ACTIVE
25,4,6,1,2,INACTIVE
26,0,17,1,1,ACTIVE
26,1,14,6,1,INACTIVE
26,2,14,1,1,ACTIVE
26,3,12,6,1,ACTIVE
26,4,6,1,2,INACTIVE
27,0,18,1,1,INACTIVE
27,1,14,6,1,INACTIVE
27,2,15,1,1,ACTIVE
27,3,12,6,1,ACTIVE
27,4,6,1,2,INACTIVE
28,0,18,1,1,INACTIVE
28,1,14,6,1,INACTIVE
28,2,15,1,1,ACTIVE
28,3,13,6,1,ACTIVE
28,4,6,1,2,INACTIVE
29,0,18,1,1,INACTIVE
29,1,14,6,1,INACTIVE
29,2,16,1,1,ACTIVE
29,3,13,6,1,ACTIVE
29,4,6,1,2,INACTIVE
30,0,18,1,1,INACTIVE
30,1,14,6,1,INACTIVE
30,2,16,1,1,ACTIVE
30,3,14,6,1,INACTIVE
30,4,6,1,2,INACTIVE
31,0,18,1,1,INACTIVE
31,1,14,6,1,INACTIVE
31,2,17,1,1,ACTIVE
31,3,14,6,1,INACTIVE
31,4,6,1,2,INACTIVE
32,0,18,1,1,INACTIVE
32,1,14,6,1,INACTIVE
32,2,17,1,1,ACTIVE
32,3,14,6,1,INACTIVE
32,4,6,1,2,INACTIVE
33,0,18,1,1,INACTIVE
33,1,14,6,1,INACTIVE
33,2,18,1,1,INACTIVE
33,3,14,6,1,INACTIVE
33,4,6,1,2,INACTIVE
